naca code,wu1,wu2,wu3,wl1,wl2,wl3,m,p,t,cl,cd,cdp,cm,top_xtr,bot_xtr
NACA 01019,0.2,0.0,0.0,-0.4,-0.4,-0.4,0,10,19,-0.7194,0.009,0.0029,0.1397,0.2842,0.5229
NACA 01019,0.2,0.0,0.0,-0.4,-0.4,-0.2,0,10,19,-0.5713,0.009,0.0026,0.0914,0.2691,0.438
NACA 01018,0.2,0.0,0.0,-0.4,-0.4,0.0,0,10,18,-0.3843,0.009,0.0026,0.0368,0.2496,0.391
NACA 0918,0.2,0.0,0.0,-0.4,-0.4,0.2,0,9,18,-0.1917,0.0092,0.0029,-0.017,0.2274,0.3628
NACA 01017,0.2,0.0,0.0,-0.4,-0.2,-0.4,0,10,17,-0.5624,0.0098,0.0029,0.1097,0.281,0.3282
NACA 01016,0.2,0.0,0.0,-0.4,-0.2,-0.2,0,10,16,-0.4246,0.0092,0.0024,0.0637,0.2661,0.3053
NACA 01016,0.2,0.0,0.0,-0.4,-0.2,0.0,0,10,16,-0.2372,0.009,0.0023,0.0092,0.2454,0.2921
NACA 1916,0.2,0.0,0.0,-0.4,-0.2,0.2,1,9,16,-0.0441,0.0091,0.0026,-0.0442,0.2239,0.2826
NACA 01015,0.2,0.0,0.0,-0.4,0.0,-0.4,0,10,15,-0.4328,0.0102,0.0028,0.0847,0.278,0.1982
NACA 01014,0.2,0.0,0.0,-0.4,0.0,-0.2,0,10,14,-0.2915,0.0095,0.0024,0.0385,0.2626,0.1993
NACA 01014,0.2,0.0,0.0,-0.4,0.0,0.0,0,10,14,-0.1053,0.0092,0.0023,-0.0153,0.242,0.2037
NACA 1814,0.2,0.0,0.0,-0.4,0.0,0.2,1,8,14,0.0848,0.0094,0.0026,-0.0677,0.2198,0.2062
NACA 01013,0.2,0.0,0.0,-0.4,0.2,-0.4,0,10,13,-0.3164,0.0103,0.003,0.0619,0.2759,0.1456
NACA 0513,0.2,0.0,0.0,-0.4,0.2,-0.2,0,5,13,-0.1718,0.0097,0.0026,0.0156,0.2602,0.1485
NACA 1613,0.2,0.0,0.0,-0.4,0.2,0.0,1,6,13,0.0122,0.0094,0.0026,-0.0372,0.239,0.153
NACA 2613,0.2,0.0,0.0,-0.4,0.2,0.2,2,6,13,0.1984,0.0097,0.003,-0.0884,0.2178,0.157
NACA 01015,0.2,0.0,0.0,-0.2,-0.4,-0.2,0,10,15,-0.4693,0.0075,0.0017,0.1103,0.2976,0.6111
NACA 01014,0.2,0.0,0.0,-0.2,-0.4,0.0,0,10,14,-0.2655,0.0077,0.0016,0.0507,0.2728,0.5315
NACA 0914,0.2,0.0,0.0,-0.2,-0.4,0.2,0,9,14,-0.0608,0.008,0.0019,-0.0069,0.2493,0.4753
NACA 01012,0.2,0.0,0.0,-0.2,-0.2,-0.4,0,10,12,-0.5408,0.0063,0.0017,0.1466,0.3211,0.8561
NACA 01012,0.2,0.0,0.0,-0.2,-0.2,-0.2,0,10,12,-0.3343,0.0067,0.0013,0.0839,0.2949,0.6693
NACA 01011,0.2,0.0,0.0,-0.2,-0.2,0.0,0,10,11,-0.1252,0.0074,0.0013,0.0236,0.2694,0.4896
NACA 1911,0.2,0.0,0.0,-0.2,-0.2,0.2,1,9,11,0.0777,0.0079,0.0016,-0.0331,0.2456,0.4191
NACA 01010,0.2,0.0,0.0,-0.2,0.0,-0.4,0,10,10,-0.3238,0.0092,0.0021,0.1014,0.304,0.2497
NACA 01010,0.2,0.0,0.0,-0.2,0.0,-0.2,0,10,10,-0.1913,0.0084,0.0014,0.0563,0.2894,0.2567
NACA 0010,0.2,0.0,0.0,-0.2,0.0,0.0,0,0,10,0.0,0.008,0.0013,-0.0,0.2663,0.2664
NACA 1709,0.2,0.0,0.0,-0.2,0.0,0.2,1,7,9,0.197,0.0082,0.0016,-0.0553,0.2432,0.2696
NACA 1308,0.2,0.0,0.0,-0.2,0.2,-0.4,1,3,8,-0.2004,0.0094,0.0022,0.0762,0.2996,0.13
NACA 1308,0.2,0.0,0.0,-0.2,0.2,-0.2,1,3,8,-0.0741,0.0087,0.0016,0.0331,0.2862,0.1378
NACA 2408,0.2,0.0,0.0,-0.2,0.2,0.0,2,4,8,0.1116,0.0084,0.0015,-0.0215,0.2631,0.1507
NACA 01020,0.2,0.0,0.2,-0.4,-0.4,-0.4,0,10,20,-0.5099,0.0092,0.0029,0.0816,0.2783,0.5304
NACA 01019,0.2,0.0,0.2,-0.4,-0.4,-0.2,0,10,19,-0.3831,0.0093,0.0027,0.0382,0.2613,0.4438
NACA 0919,0.2,0.0,0.2,-0.4,-0.4,0.0,0,9,19,-0.1969,0.0093,0.0027,-0.0163,0.2356,0.3979
NACA 1918,0.2,0.0,0.2,-0.4,-0.4,0.2,1,9,18,-0.0031,0.0096,0.003,-0.07,0.2104,0.3674
NACA 01017,0.2,0.0,0.2,-0.4,-0.2,-0.4,0,10,17,-0.3524,0.0099,0.0028,0.051,0.2723,0.3474
NACA 01017,0.2,0.0,0.2,-0.4,-0.2,-0.2,0,10,17,-0.235,0.0095,0.0025,0.0098,0.2564,0.3159
NACA 1916,0.2,0.0,0.2,-0.4,-0.2,0.0,1,9,16,-0.0474,0.0094,0.0024,-0.0447,0.2306,0.3008
NACA 2816,0.2,0.0,0.2,-0.4,-0.2,0.2,2,8,16,0.1484,0.0096,0.0028,-0.0986,0.204,0.2897
NACA 01015,0.2,0.0,0.2,-0.4,0.0,-0.4,0,10,15,-0.2254,0.0103,0.0028,0.0262,0.269,0.205
NACA 01015,0.2,0.0,0.2,-0.4,0.0,-0.2,0,10,15,-0.1004,0.0097,0.0024,-0.0161,0.2515,0.2078
NACA 2714,0.2,0.0,0.2,-0.4,0.0,0.2,2,7,14,0.2799,0.0097,0.0028,-0.1229,0.2012,0.2126
NACA 0513,0.2,0.0,0.2,-0.4,0.2,-0.4,0,5,13,-0.1114,0.0104,0.0029,0.0037,0.2668,0.1503
NACA 1613,0.2,0.0,0.2,-0.4,0.2,-0.2,1,6,13,0.0209,0.0099,0.0026,-0.0397,0.2487,0.1538
NACA 2613,0.2,0.0,0.2,-0.4,0.2,0.0,2,6,13,0.2063,0.0098,0.0026,-0.0928,0.2224,0.1579
NACA 3713,0.2,0.0,0.2,-0.4,0.2,0.2,3,7,13,0.3948,0.01,0.003,-0.1441,0.198,0.1618
NACA 01016,0.2,0.0,0.2,-0.2,-0.4,-0.4,0,10,16,-0.4642,0.0077,0.0021,0.1127,0.3364,0.7087
NACA 01015,0.2,0.0,0.2,-0.2,-0.4,-0.2,0,10,15,-0.2854,0.0079,0.0018,0.0565,0.3016,0.6135
NACA 0915,0.2,0.0,0.2,-0.2,-0.4,0.0,0,9,15,-0.0792,0.0081,0.0018,-0.0037,0.2664,0.5342
NACA 1914,0.2,0.0,0.2,-0.2,-0.4,0.2,1,9,14,0.1293,0.0084,0.002,-0.0622,0.2349,0.4791
NACA 01013,0.2,0.0,0.2,-0.2,-0.2,-0.4,0,10,13,-0.3587,0.0067,0.0019,0.093,0.3411,0.8544
NACA 01012,0.2,0.0,0.2,-0.2,-0.2,-0.2,0,10,12,-0.1515,0.007,0.0015,0.03,0.2989,0.6844
NACA 1912,0.2,0.0,0.2,-0.2,-0.2,0.0,1,9,12,0.063,0.0078,0.0015,-0.0316,0.2616,0.5026
NACA 2811,0.2,0.0,0.2,-0.2,-0.2,0.2,2,8,11,0.2707,0.0083,0.0018,-0.0894,0.2305,0.4288
NACA 0010,0.2,0.0,0.2,-0.2,0.0,-0.2,0,0,10,-0.0,0.0085,0.0016,0.0,0.2884,0.2884
NACA 1710,0.2,0.0,0.2,-0.2,0.0,0.0,1,7,10,0.1914,0.0084,0.0014,-0.0564,0.2566,0.2895
NACA 2710,0.2,0.0,0.2,-0.2,0.0,0.2,2,7,10,0.3924,0.0086,0.0017,-0.1125,0.2266,0.2874
NACA 1308,0.2,0.0,0.2,-0.2,0.2,-0.4,1,3,8,0.025,0.0095,0.0021,0.0113,0.2952,0.144
NACA 2408,0.2,0.0,0.2,-0.2,0.2,-0.2,2,4,8,0.1206,0.0089,0.0016,-0.0243,0.2822,0.1485
NACA 3508,0.2,0.0,0.2,-0.2,0.2,0.0,3,5,8,0.3052,0.0087,0.0016,-0.0787,0.2523,0.1626
NACA 4608,0.2,0.0,0.2,-0.2,0.2,0.2,4,6,8,0.4994,0.0088,0.0018,-0.1326,0.2238,0.1751
NACA 01021,0.2,0.0,0.4,-0.4,-0.4,-0.4,0,10,21,-0.4698,0.0098,0.0035,0.0593,0.3128,0.5328
NACA 0920,0.2,0.0,0.4,-0.4,-0.4,-0.2,0,9,20,-0.317,0.0097,0.0031,0.0098,0.2744,0.4465
NACA 1919,0.2,0.0,0.4,-0.4,-0.4,0.0,1,9,19,-0.097,0.01,0.0032,-0.0525,0.23,0.3995
NACA 2819,0.2,0.0,0.4,-0.4,-0.4,0.2,2,8,19,0.1262,0.0104,0.0036,-0.113,0.1956,0.3705
NACA 01017,0.2,0.0,0.4,-0.4,-0.2,-0.4,0,10,17,-0.2873,0.0106,0.0034,0.0227,0.2907,0.3502
NACA 1917,0.2,0.0,0.4,-0.4,-0.2,-0.2,1,9,17,-0.1534,0.01,0.0028,-0.0223,0.2616,0.3187
NACA 2817,0.2,0.0,0.4,-0.4,-0.2,0.0,2,8,17,0.07,0.01,0.0029,-0.0851,0.2207,0.3056
NACA 3816,0.2,0.0,0.4,-0.4,-0.2,0.2,3,8,16,0.2888,0.0105,0.0034,-0.1443,0.1879,0.2947
NACA 01015,0.2,0.0,0.4,-0.4,0.0,-0.4,0,10,15,-0.1457,0.0109,0.0033,-0.0055,0.2818,0.2084
NACA 1815,0.2,0.0,0.4,-0.4,0.0,-0.2,1,8,15,-0.0038,0.0102,0.0028,-0.0519,0.2529,0.2105
NACA 2715,0.2,0.0,0.4,-0.4,0.0,0.0,2,7,15,0.2148,0.0104,0.003,-0.1131,0.2127,0.2134
NACA 4714,0.2,0.0,0.4,-0.4,0.0,0.2,4,7,14,0.4284,0.0107,0.0035,-0.1708,0.1832,0.2174
NACA 1613,0.2,0.0,0.4,-0.4,0.2,-0.4,1,6,13,-0.0193,0.0111,0.0034,-0.0311,0.2743,0.1517
NACA 2613,0.2,0.0,0.4,-0.4,0.2,-0.2,2,6,13,0.1315,0.0105,0.003,-0.0788,0.2434,0.156
NACA 3713,0.2,0.0,0.4,-0.4,0.2,0.0,3,7,13,0.343,0.0106,0.0032,-0.138,0.208,0.1608
NACA 5713,0.2,0.0,0.4,-0.4,0.2,0.2,5,7,13,0.5494,0.011,0.0038,-0.1936,0.1792,0.1656
NACA 01018,0.2,0.0,0.4,-0.2,-0.4,-0.4,0,10,18,-0.3632,0.0071,0.0023,0.0772,0.6483,0.7092
NACA 0916,0.2,0.0,0.4,-0.2,-0.4,-0.2,0,9,16,-0.2092,0.0082,0.0022,0.0256,0.3463,0.6153
NACA 1915,0.2,0.0,0.4,-0.2,-0.4,0.0,1,9,15,0.0301,0.0088,0.0023,-0.0428,0.2678,0.5368
NACA 2815,0.2,0.0,0.4,-0.2,-0.4,0.2,2,8,15,0.2649,0.0094,0.0027,-0.1075,0.2224,0.481
NACA 01014,0.2,0.0,0.4,-0.2,-0.2,-0.4,0,10,14,-0.2393,0.006,0.0021,0.0532,0.6821,0.8559
NACA 1913,0.2,0.0,0.4,-0.2,-0.2,-0.2,1,9,13,-0.062,0.0076,0.0019,-0.0043,0.3319,0.6918
NACA 2812,0.2,0.0,0.4,-0.2,-0.2,0.0,2,8,12,0.1866,0.0086,0.0021,-0.0743,0.2582,0.5101
NACA 3812,0.2,0.0,0.4,-0.2,-0.2,0.2,3,8,12,0.4153,0.0093,0.0025,-0.1373,0.2152,0.4348
NACA 2710,0.2,0.0,0.4,-0.2,0.0,0.0,2,7,10,0.3244,0.0092,0.0021,-0.1016,0.2497,0.3041
NACA 4710,0.2,0.0,0.4,-0.2,0.0,0.2,4,7,10,0.5442,0.0096,0.0025,-0.1624,0.211,0.2995
NACA 2409,0.2,0.0,0.4,-0.2,0.2,-0.4,2,4,9,0.1593,0.0103,0.0028,-0.0343,0.3062,0.1513
NACA 3508,0.2,0.0,0.4,-0.2,0.2,-0.2,3,5,8,0.2409,0.0096,0.0022,-0.0665,0.2902,0.154
NACA 4608,0.2,0.0,0.4,-0.2,0.2,0.0,4,6,8,0.446,0.0096,0.0022,-0.126,0.2424,0.1705
NACA 5608,0.2,0.0,0.4,-0.2,0.2,0.2,5,6,8,0.6563,0.0099,0.0026,-0.1843,0.2071,0.1841
NACA 01022,0.2,0.2,0.0,-0.4,-0.4,-0.2,0,10,22,-0.4397,0.0084,0.0027,0.0666,0.4941,0.4396
NACA 01021,0.2,0.2,0.0,-0.4,-0.4,0.0,0,10,21,-0.2568,0.0083,0.0026,0.0132,0.4816,0.3939
NACA 1921,0.2,0.2,0.0,-0.4,-0.4,0.2,1,9,21,-0.0656,0.0085,0.0028,-0.04,0.4668,0.3623
NACA 01019,0.2,0.2,0.0,-0.4,-0.2,-0.4,0,10,19,-0.4227,0.0092,0.0029,0.0828,0.4994,0.3324
NACA 01019,0.2,0.2,0.0,-0.4,-0.2,-0.2,0,10,19,-0.294,0.0087,0.0024,0.0391,0.4913,0.3075
NACA 01018,0.2,0.2,0.0,-0.4,-0.2,0.0,0,10,18,-0.1103,0.0083,0.0023,-0.0142,0.4787,0.2937
NACA 1818,0.2,0.2,0.0,-0.4,-0.2,0.2,1,8,18,0.0805,0.0084,0.0025,-0.0667,0.4636,0.283
NACA 01017,0.2,0.2,0.0,-0.4,0.0,-0.4,0,10,17,-0.2955,0.0096,0.0028,0.0583,0.4975,0.1991
NACA 0516,0.2,0.2,0.0,-0.4,0.0,-0.2,0,5,16,-0.1618,0.0089,0.0024,0.0141,0.4888,0.2018
NACA 1616,0.2,0.2,0.0,-0.4,0.0,0.0,1,6,16,0.0213,0.0085,0.0023,-0.0386,0.4757,0.2051
NACA 2616,0.2,0.2,0.0,-0.4,0.0,0.2,2,6,16,0.2085,0.0085,0.0026,-0.0899,0.46,0.2062
NACA 1415,0.2,0.2,0.0,-0.4,0.2,-0.4,1,4,15,-0.1812,0.0097,0.0029,0.0359,0.4955,0.1467
NACA 2514,0.2,0.2,0.0,-0.4,0.2,-0.2,2,5,14,-0.0426,0.009,0.0026,-0.0087,0.4865,0.1495
NACA 3514,0.2,0.2,0.0,-0.4,0.2,0.0,3,5,14,0.1385,0.0086,0.0025,-0.0604,0.4731,0.154
NACA 4614,0.2,0.2,0.0,-0.4,0.2,0.2,4,6,14,0.3194,0.0086,0.0029,-0.1088,0.4563,0.1567
NACA 01019,0.2,0.2,0.0,-0.2,-0.4,-0.4,0,10,19,-0.5201,0.0071,0.0021,0.1414,0.518,0.7084
NACA 01018,0.2,0.2,0.0,-0.2,-0.4,-0.2,0,10,18,-0.3408,0.0071,0.0018,0.0855,0.5076,0.6116
NACA 01017,0.2,0.2,0.0,-0.2,-0.4,0.0,0,10,17,-0.1398,0.0072,0.0017,0.0269,0.4944,0.5317
NACA 1917,0.2,0.2,0.0,-0.2,-0.4,0.2,1,9,17,0.063,0.0074,0.0019,-0.0298,0.4802,0.4759
NACA 01015,0.2,0.2,0.0,-0.2,-0.2,-0.4,0,10,15,-0.4094,0.006,0.0018,0.1207,0.5184,0.8536
NACA 01015,0.2,0.2,0.0,-0.2,-0.2,-0.2,0,10,15,-0.207,0.0063,0.0014,0.0593,0.506,0.6717
NACA 0014,0.2,0.2,0.0,-0.2,-0.2,0.0,0,0,14,0.0,0.0068,0.0014,-0.0,0.4923,0.4922
NACA 1714,0.2,0.2,0.0,-0.2,-0.2,0.2,1,7,14,0.2014,0.0072,0.0016,-0.056,0.4766,0.4203
NACA 1312,0.2,0.2,0.0,-0.2,0.0,-0.4,1,3,12,-0.1857,0.0086,0.0021,0.0741,0.5101,0.2583
NACA 1312,0.2,0.2,0.0,-0.2,0.0,-0.2,1,3,12,-0.0629,0.0078,0.0015,0.0316,0.5026,0.2616
NACA 2411,0.2,0.2,0.0,-0.2,0.0,0.0,2,4,11,0.1252,0.0074,0.0013,-0.0236,0.4894,0.2696
NACA 3511,0.2,0.2,0.0,-0.2,0.0,0.2,3,5,11,0.3203,0.0074,0.0015,-0.078,0.4745,0.271
NACA 3310,0.2,0.2,0.0,-0.2,0.2,-0.4,3,3,10,-0.0627,0.0089,0.0022,0.0489,0.5076,0.1309
NACA 3410,0.2,0.2,0.0,-0.2,0.2,-0.2,3,4,10,0.0543,0.0081,0.0016,0.0084,0.5002,0.1388
NACA 4410,0.2,0.2,0.0,-0.2,0.2,0.0,4,4,10,0.2366,0.0077,0.0014,-0.0451,0.4872,0.1512
NACA 4509,0.2,0.2,0.0,-0.2,0.2,0.2,4,5,9,0.4259,0.0078,0.0017,-0.0979,0.4723,0.1632
NACA 01023,0.2,0.2,0.2,-0.4,-0.4,-0.4,0,10,23,-0.3306,0.0078,0.0028,0.046,0.6756,0.5348
NACA 01022,0.2,0.2,0.2,-0.4,-0.4,-0.2,0,10,22,-0.2242,0.0079,0.0026,0.0075,0.6665,0.4474
NACA 1922,0.2,0.2,0.2,-0.4,-0.4,0.0,1,9,22,-0.048,0.0078,0.0026,-0.0443,0.6513,0.3999
NACA 2821,0.2,0.2,0.2,-0.4,-0.4,0.2,2,8,21,0.1384,0.0079,0.0028,-0.0961,0.6291,0.3685
NACA 01020,0.2,0.2,0.2,-0.4,-0.2,-0.4,0,10,20,-0.1772,0.0084,0.0027,0.0162,0.6732,0.3554
NACA 01019,0.2,0.2,0.2,-0.4,-0.2,-0.2,0,10,19,-0.079,0.008,0.0023,-0.0203,0.6649,0.3206
NACA 1819,0.2,0.2,0.2,-0.4,-0.2,0.0,1,8,19,0.0992,0.0077,0.0022,-0.0723,0.6473,0.3034
NACA 2718,0.2,0.2,0.2,-0.4,-0.2,0.2,2,7,18,0.2885,0.0077,0.0024,-0.1243,0.6232,0.2914
NACA 0517,0.2,0.2,0.2,-0.4,0.0,-0.4,0,5,17,-0.0582,0.0087,0.0026,-0.0068,0.6724,0.2102
NACA 1617,0.2,0.2,0.2,-0.4,0.0,-0.2,1,6,17,0.0532,0.0082,0.0022,-0.0457,0.6628,0.2093
NACA 2616,0.2,0.2,0.2,-0.4,0.0,0.0,2,6,16,0.2314,0.0078,0.0022,-0.0973,0.6434,0.2127
NACA 3716,0.2,0.2,0.2,-0.4,0.0,0.2,3,7,16,0.4188,0.0078,0.0024,-0.1485,0.6171,0.2143
NACA 2515,0.2,0.2,0.2,-0.4,0.2,-0.4,2,5,15,0.0517,0.0088,0.0027,-0.0285,0.6719,0.1527
NACA 3515,0.2,0.2,0.2,-0.4,0.2,-0.2,3,5,15,0.1719,0.0083,0.0024,-0.0687,0.6601,0.1546
NACA 4614,0.2,0.2,0.2,-0.4,0.2,0.0,4,6,14,0.3494,0.008,0.0024,-0.1196,0.64,0.1593
NACA 5614,0.2,0.2,0.2,-0.4,0.2,0.2,5,6,14,0.5324,0.008,0.0026,-0.1694,0.6121,0.1632
NACA 01020,0.2,0.2,0.2,-0.2,-0.4,-0.4,0,10,20,-0.2955,0.0066,0.0021,0.0781,0.6962,0.7071
NACA 01019,0.2,0.2,0.2,-0.2,-0.4,-0.2,0,10,19,-0.1304,0.0066,0.0018,0.0258,0.687,0.614
NACA 1918,0.2,0.2,0.2,-0.2,-0.4,0.0,1,9,18,0.0669,0.0066,0.0017,-0.0319,0.6729,0.5356
NACA 2817,0.2,0.2,0.2,-0.2,-0.4,0.2,2,8,17,0.269,0.0068,0.0018,-0.0885,0.6537,0.4797
NACA 0015,0.2,0.2,0.2,-0.2,-0.2,-0.2,0,0,15,0.0,0.0058,0.0014,-0.0,0.6872,0.6872
NACA 1715,0.2,0.2,0.2,-0.2,-0.2,0.0,1,7,15,0.207,0.0063,0.0014,-0.0593,0.6714,0.506
NACA 2714,0.2,0.2,0.2,-0.2,-0.2,0.2,2,7,14,0.409,0.0065,0.0015,-0.1155,0.6502,0.4314
NACA 1313,0.2,0.2,0.2,-0.2,0.0,-0.4,1,3,13,0.0627,0.0076,0.0019,0.0041,0.6917,0.3323
NACA 2412,0.2,0.2,0.2,-0.2,0.0,-0.2,2,4,12,0.1514,0.007,0.0015,-0.03,0.6845,0.2988
NACA 3512,0.2,0.2,0.2,-0.2,0.0,0.0,3,5,12,0.3343,0.0067,0.0013,-0.0839,0.6691,0.2949
NACA 4611,0.2,0.2,0.2,-0.2,0.0,0.2,4,6,11,0.5297,0.0067,0.0014,-0.1383,0.6467,0.2898
NACA 3410,0.2,0.2,0.2,-0.2,0.2,-0.4,3,4,10,0.1897,0.008,0.0019,-0.0222,0.6898,0.1459
NACA 4410,0.2,0.2,0.2,-0.2,0.2,-0.2,4,4,10,0.2707,0.0074,0.0015,-0.0539,0.683,0.1528
NACA 4510,0.2,0.2,0.2,-0.2,0.2,0.0,4,5,10,0.4471,0.007,0.0014,-0.1059,0.6671,0.1636
NACA 5510,0.2,0.2,0.2,-0.2,0.2,0.2,5,5,10,0.6355,0.007,0.0015,-0.1585,0.6436,0.176
NACA 01024,0.2,0.2,0.4,-0.4,-0.4,-0.4,0,10,24,-0.0862,0.0077,0.0033,-0.023,0.8462,0.5431
NACA 1923,0.2,0.2,0.4,-0.4,-0.4,-0.2,1,9,23,-0.0193,0.0076,0.003,-0.0523,0.8422,0.454
NACA 2822,0.2,0.2,0.4,-0.4,-0.4,0.0,2,8,22,0.1549,0.0074,0.0029,-0.1036,0.842,0.4058
NACA 3822,0.2,0.2,0.4,-0.4,-0.4,0.2,3,8,22,0.344,0.0073,0.003,-0.1559,0.8418,0.3728
NACA 01021,0.2,0.2,0.4,-0.4,-0.2,-0.4,0,10,21,0.0689,0.008,0.0031,-0.0538,0.8482,0.3818
NACA 1820,0.2,0.2,0.4,-0.4,-0.2,-0.2,1,8,20,0.1259,0.0077,0.0027,-0.0805,0.8442,0.332
NACA 2719,0.2,0.2,0.4,-0.4,-0.2,0.0,2,7,19,0.3055,0.0072,0.0025,-0.1327,0.8445,0.3128
NACA 4719,0.2,0.2,0.4,-0.4,-0.2,0.2,4,7,19,0.4987,0.007,0.0027,-0.1856,0.844,0.2991
NACA 1617,0.2,0.2,0.4,-0.4,0.0,-0.4,1,6,17,0.1841,0.0083,0.0029,-0.0763,0.8491,0.2203
NACA 2617,0.2,0.2,0.4,-0.4,0.0,-0.2,2,6,17,0.2618,0.0077,0.0025,-0.1071,0.8463,0.2184
NACA 3717,0.2,0.2,0.4,-0.4,0.0,0.0,3,7,17,0.4405,0.0073,0.0024,-0.1587,0.8466,0.2201
NACA 5716,0.2,0.2,0.4,-0.4,0.0,0.2,5,7,16,0.6322,0.007,0.0026,-0.2109,0.8459,0.2218
NACA 3515,0.2,0.2,0.4,-0.4,0.2,-0.4,3,5,15,0.2803,0.0084,0.003,-0.0952,0.8497,0.1586
NACA 4615,0.2,0.2,0.4,-0.4,0.2,-0.2,4,6,15,0.38,0.0078,0.0026,-0.1303,0.8478,0.1607
NACA 5615,0.2,0.2,0.4,-0.4,0.2,0.0,5,6,15,0.5596,0.0073,0.0026,-0.1816,0.8485,0.1646
NACA 6614,0.2,0.2,0.4,-0.4,0.2,0.2,6,6,14,0.7483,0.0071,0.0027,-0.2327,0.8478,0.169
NACA 01021,0.2,0.2,0.4,-0.2,-0.4,-0.4,0,10,21,-0.0889,0.0068,0.0027,0.0159,0.8513,0.7061
NACA 1920,0.2,0.2,0.4,-0.2,-0.4,-0.2,1,9,20,0.0699,0.0066,0.0023,-0.0347,0.8494,0.6163
NACA 2819,0.2,0.2,0.4,-0.2,-0.4,0.0,2,8,19,0.2665,0.0064,0.0022,-0.0922,0.8508,0.5394
NACA 3818,0.2,0.2,0.4,-0.2,-0.4,0.2,3,8,18,0.4748,0.0064,0.0022,-0.1503,0.8529,0.4839
NACA 0018,0.2,0.2,0.4,-0.2,-0.2,-0.4,0,0,18,0.0,0.0061,0.0027,-0.0,0.8522,0.8522
NACA 2715,0.2,0.2,0.4,-0.2,-0.2,0.0,2,7,15,0.4097,0.006,0.0018,-0.1208,0.8536,0.5183
NACA 4715,0.2,0.2,0.4,-0.2,-0.2,0.2,4,7,15,0.6183,0.006,0.0019,-0.1785,0.8558,0.4411
NACA 2414,0.2,0.2,0.4,-0.2,0.0,-0.4,2,4,14,0.2395,0.006,0.0021,-0.0533,0.8559,0.6819
NACA 3513,0.2,0.2,0.4,-0.2,0.0,-0.2,3,5,13,0.3588,0.0067,0.0019,-0.093,0.8544,0.3411
NACA 4612,0.2,0.2,0.4,-0.2,0.0,0.0,4,6,12,0.541,0.0063,0.0017,-0.1467,0.8562,0.3211
NACA 5612,0.2,0.2,0.4,-0.2,0.0,0.2,5,6,12,0.7422,0.0061,0.0018,-0.2026,0.8586,0.3095
NACA 4411,0.2,0.2,0.4,-0.2,0.2,-0.4,4,4,11,0.4371,0.0076,0.0024,-0.0955,0.861,0.1648
NACA 4510,0.2,0.2,0.4,-0.2,0.2,-0.2,4,5,10,0.4812,0.0071,0.0019,-0.118,0.8564,0.1648
NACA 5510,0.2,0.2,0.4,-0.2,0.2,0.0,5,5,10,0.6565,0.0065,0.0017,-0.1697,0.8586,0.178
NACA 6610,0.2,0.2,0.4,-0.2,0.2,0.2,6,6,10,0.8507,0.0062,0.0018,-0.2237,0.8613,0.1899
NACA 01026,0.2,0.4,0.0,-0.4,-0.4,-0.4,0,10,26,-0.4231,0.0087,0.0031,0.0822,0.5343,0.5275
NACA 01025,0.2,0.4,0.0,-0.4,-0.4,-0.2,0,10,25,-0.2953,0.0088,0.003,0.0389,0.5311,0.4404
NACA 01024,0.2,0.4,0.0,-0.4,-0.4,0.0,0,10,24,-0.1153,0.0086,0.0029,-0.0135,0.5288,0.3951
NACA 1824,0.2,0.4,0.0,-0.4,-0.4,0.2,1,8,24,0.0723,0.0086,0.0031,-0.0652,0.526,0.3643
NACA 01022,0.2,0.4,0.0,-0.4,-0.2,-0.4,0,10,22,-0.2685,0.0094,0.0031,0.0526,0.5322,0.3378
NACA 0522,0.2,0.4,0.0,-0.4,-0.2,-0.2,0,5,22,-0.1501,0.0089,0.0027,0.0116,0.5316,0.3101
NACA 1621,0.2,0.4,0.0,-0.4,-0.2,0.0,1,6,21,0.0312,0.0086,0.0026,-0.0408,0.5281,0.2958
NACA 2621,0.2,0.4,0.0,-0.4,-0.2,0.2,2,6,21,0.2206,0.0085,0.0028,-0.0926,0.5245,0.2846
NACA 1419,0.2,0.4,0.0,-0.4,0.0,-0.4,1,4,19,-0.144,0.0098,0.003,0.0287,0.5323,0.2018
NACA 2519,0.2,0.4,0.0,-0.4,0.0,-0.2,2,5,19,-0.0183,0.0091,0.0026,-0.0134,0.5309,0.2032
NACA 3518,0.2,0.4,0.0,-0.4,0.0,0.0,3,5,18,0.1628,0.0087,0.0025,-0.0653,0.5276,0.2064
NACA 3417,0.2,0.4,0.0,-0.4,0.2,-0.4,3,4,17,-0.0316,0.0098,0.0031,0.0067,0.5326,0.1478
NACA 4516,0.2,0.4,0.0,-0.4,0.2,-0.2,4,5,16,0.1004,0.0093,0.0028,-0.0361,0.5291,0.1501
NACA 4516,0.2,0.4,0.0,-0.4,0.2,0.0,4,5,16,0.2801,0.0089,0.0028,-0.0872,0.5261,0.1548
NACA 5516,0.2,0.4,0.0,-0.4,0.2,0.2,5,5,16,0.461,0.0089,0.0031,-0.1359,0.5231,0.1578
NACA 01021,0.2,0.4,0.0,-0.2,-0.4,-0.2,0,10,21,-0.1996,0.0074,0.0021,0.0579,0.5363,0.6119
NACA 0021,0.2,0.4,0.0,-0.2,-0.4,0.0,0,0,21,0.0,0.0075,0.002,-0.0,0.5329,0.5329
NACA 1720,0.2,0.4,0.0,-0.2,-0.4,0.2,1,7,20,0.202,0.0076,0.0022,-0.0561,0.5292,0.4767
NACA 1319,0.2,0.4,0.0,-0.2,-0.2,-0.4,1,3,19,-0.2662,0.0064,0.0022,0.0921,0.5394,0.8508
NACA 1318,0.2,0.4,0.0,-0.2,-0.2,-0.2,1,3,18,-0.0668,0.0066,0.0017,0.0319,0.5356,0.6729
NACA 2417,0.2,0.4,0.0,-0.2,-0.2,0.0,2,4,17,0.1398,0.0072,0.0017,-0.0269,0.5317,0.4944
NACA 3315,0.2,0.4,0.0,-0.2,0.0,-0.4,3,3,15,-0.0289,0.0088,0.0023,0.0425,0.5368,0.2682
NACA 3415,0.2,0.4,0.0,-0.2,0.0,-0.2,3,4,15,0.0793,0.0081,0.0018,0.0037,0.5342,0.2665
NACA 4414,0.2,0.4,0.0,-0.2,0.0,0.0,4,4,14,0.2655,0.0077,0.0016,-0.0507,0.5314,0.2728
NACA 4514,0.2,0.4,0.0,-0.2,0.0,0.2,4,5,14,0.4601,0.0077,0.0018,-0.1045,0.527,0.2739
NACA 4412,0.2,0.4,0.0,-0.2,0.2,-0.4,4,4,12,0.0943,0.0091,0.0024,0.0173,0.5362,0.1334
NACA 5412,0.2,0.4,0.0,-0.2,0.2,-0.2,5,4,12,0.1968,0.0084,0.0019,-0.0196,0.534,0.1403
NACA 5411,0.2,0.4,0.0,-0.2,0.2,0.0,5,4,11,0.3771,0.008,0.0018,-0.0722,0.5301,0.152
NACA 6511,0.2,0.4,0.0,-0.2,0.2,0.2,6,5,11,0.5653,0.008,0.002,-0.1243,0.5267,0.1637
NACA 01027,0.2,0.4,0.2,-0.4,-0.4,-0.4,0,10,27,-0.1779,0.0085,0.0031,0.0157,0.6114,0.5355
NACA 01026,0.2,0.4,0.2,-0.4,-0.4,-0.2,0,10,26,-0.0888,0.0086,0.003,-0.0188,0.6102,0.4477
NACA 1825,0.2,0.4,0.2,-0.4,-0.4,0.0,1,8,25,0.087,0.0085,0.0029,-0.0703,0.6078,0.4009
NACA 2724,0.2,0.4,0.2,-0.4,-0.4,0.2,2,7,24,0.275,0.0085,0.0031,-0.122,0.6053,0.3694
NACA 0523,0.2,0.4,0.2,-0.4,-0.2,-0.4,0,5,23,-0.0258,0.009,0.003,-0.0139,0.6117,0.3612
NACA 1622,0.2,0.4,0.2,-0.4,-0.2,-0.2,1,6,22,0.0562,0.0086,0.0027,-0.0466,0.6097,0.3228
NACA 2622,0.2,0.4,0.2,-0.4,-0.2,0.0,2,6,22,0.2356,0.0084,0.0026,-0.0985,0.608,0.3036
NACA 3721,0.2,0.4,0.2,-0.4,-0.2,0.2,3,7,21,0.4264,0.0084,0.0028,-0.1505,0.6054,0.2913
NACA 2520,0.2,0.4,0.2,-0.4,0.0,-0.4,2,5,20,0.0869,0.0094,0.0029,-0.0356,0.6116,0.2119
NACA 3519,0.2,0.4,0.2,-0.4,0.0,-0.2,3,5,19,0.1894,0.0089,0.0026,-0.0722,0.6096,0.2103
NACA 4619,0.2,0.4,0.2,-0.4,0.0,0.0,4,6,19,0.3688,0.0085,0.0025,-0.1237,0.6076,0.2138
NACA 5618,0.2,0.4,0.2,-0.4,0.0,0.2,5,6,18,0.558,0.0084,0.0028,-0.1749,0.6056,0.2146
NACA 4517,0.2,0.4,0.2,-0.4,0.2,-0.4,4,5,17,0.1937,0.0095,0.003,-0.0566,0.6105,0.1535
NACA 4517,0.2,0.4,0.2,-0.4,0.2,-0.2,4,5,17,0.3088,0.009,0.0028,-0.0953,0.6096,0.1551
NACA 5516,0.2,0.4,0.2,-0.4,0.2,0.0,5,5,16,0.4877,0.0086,0.0027,-0.1462,0.6077,0.16
NACA 6616,0.2,0.4,0.2,-0.4,0.2,0.2,6,6,16,0.6725,0.0086,0.003,-0.196,0.605,0.1636
NACA 01024,0.2,0.4,0.2,-0.2,-0.4,-0.4,0,10,24,-0.1648,0.0075,0.0024,0.052,0.6156,0.7058
NACA 0023,0.2,0.4,0.2,-0.2,-0.4,-0.2,0,0,23,-0.0,0.0074,0.0022,0.0,0.6141,0.614
NACA 1721,0.2,0.4,0.2,-0.2,-0.4,0.0,1,7,21,0.1997,0.0074,0.0021,-0.0579,0.6119,0.5363
NACA 2721,0.2,0.4,0.2,-0.2,-0.4,0.2,2,7,21,0.4047,0.0075,0.0022,-0.1147,0.6095,0.4805
NACA 1320,0.2,0.4,0.2,-0.2,-0.2,-0.4,1,3,20,-0.0698,0.0066,0.0023,0.0346,0.6163,0.8494
NACA 2419,0.2,0.4,0.2,-0.2,-0.2,-0.2,2,4,19,0.1304,0.0066,0.0018,-0.0258,0.6139,0.687
NACA 3518,0.2,0.4,0.2,-0.2,-0.2,0.0,3,5,18,0.3408,0.0071,0.0018,-0.0855,0.6115,0.5076
NACA 4617,0.2,0.4,0.2,-0.2,-0.2,0.2,4,6,17,0.546,0.0073,0.0019,-0.142,0.6094,0.4324
NACA 3416,0.2,0.4,0.2,-0.2,0.0,-0.4,3,4,16,0.2101,0.0082,0.0022,-0.0258,0.6152,0.3468
NACA 4415,0.2,0.4,0.2,-0.2,0.0,-0.2,4,4,15,0.2855,0.0079,0.0018,-0.0565,0.6135,0.3017
NACA 4515,0.2,0.4,0.2,-0.2,0.0,0.0,4,5,15,0.4692,0.0075,0.0017,-0.1103,0.6111,0.2975
NACA 5514,0.2,0.4,0.2,-0.2,0.0,0.2,5,5,14,0.6676,0.0074,0.0018,-0.1651,0.6091,0.2924
NACA 5413,0.2,0.4,0.2,-0.2,0.2,-0.4,5,4,13,0.3383,0.0087,0.0022,-0.0523,0.6149,0.1484
NACA 5412,0.2,0.4,0.2,-0.2,0.2,-0.2,5,4,12,0.4063,0.0082,0.0019,-0.0808,0.6135,0.1528
NACA 6512,0.2,0.4,0.2,-0.2,0.2,0.0,6,5,12,0.5834,0.0078,0.0018,-0.1326,0.6112,0.1654
NACA 7511,0.2,0.4,0.2,-0.2,0.2,0.2,7,5,11,0.7743,0.0077,0.0019,-0.1854,0.609,0.1776
NACA 01028,0.2,0.4,0.4,-0.4,-0.4,-0.4,0,10,28,0.0258,0.0086,0.0035,-0.0441,0.7052,0.5434
NACA 1827,0.2,0.4,0.4,-0.4,-0.4,-0.2,1,8,27,0.079,0.0085,0.0032,-0.0704,0.7034,0.4541
NACA 2726,0.2,0.4,0.4,-0.4,-0.4,0.0,2,7,26,0.2627,0.0084,0.0032,-0.1235,0.7037,0.4046
NACA 4725,0.2,0.4,0.4,-0.4,-0.4,0.2,4,7,25,0.4599,0.0084,0.0033,-0.1775,0.7052,0.3745
NACA 1624,0.2,0.4,0.4,-0.4,-0.2,-0.4,1,6,24,0.1847,0.0089,0.0032,-0.0757,0.7064,0.3821
NACA 2623,0.2,0.4,0.4,-0.4,-0.2,-0.2,2,6,23,0.2297,0.0085,0.0029,-0.0998,0.7045,0.3322
NACA 3722,0.2,0.4,0.4,-0.4,-0.2,0.0,3,7,22,0.4157,0.0083,0.0028,-0.1532,0.7053,0.3126
NACA 5722,0.2,0.4,0.4,-0.4,-0.2,0.2,5,7,22,0.6166,0.0082,0.003,-0.2076,0.706,0.2996
NACA 3521,0.2,0.4,0.4,-0.4,0.0,-0.4,3,5,21,0.2979,0.0092,0.0031,-0.0978,0.7067,0.221
NACA 4620,0.2,0.4,0.4,-0.4,0.0,-0.2,4,6,20,0.3675,0.0087,0.0028,-0.1267,0.7055,0.2177
NACA 5619,0.2,0.4,0.4,-0.4,0.0,0.0,5,6,19,0.5539,0.0083,0.0027,-0.1799,0.7064,0.2201
NACA 6619,0.2,0.4,0.4,-0.4,0.0,0.2,6,6,19,0.7521,0.0083,0.003,-0.2333,0.7069,0.2208
NACA 4517,0.2,0.4,0.4,-0.4,0.2,-0.4,4,5,17,0.3956,0.0093,0.0032,-0.117,0.7061,0.1587
NACA 5517,0.2,0.4,0.4,-0.4,0.2,-0.2,5,5,17,0.491,0.0088,0.0029,-0.1511,0.706,0.1602
NACA 6617,0.2,0.4,0.4,-0.4,0.2,0.0,6,6,17,0.6765,0.0085,0.0029,-0.2035,0.7068,0.1648
NACA 7616,0.2,0.4,0.4,-0.4,0.2,0.2,7,6,16,0.8701,0.0084,0.0032,-0.2555,0.7085,0.1677
NACA 0025,0.2,0.4,0.4,-0.2,-0.4,-0.4,0,0,25,-0.0,0.0076,0.0028,0.0,0.7059,0.7059
NACA 1724,0.2,0.4,0.4,-0.2,-0.4,-0.2,1,7,24,0.1651,0.0075,0.0024,-0.0521,0.7058,0.6156
NACA 4721,0.2,0.4,0.4,-0.2,-0.4,0.2,4,7,21,0.5901,0.0075,0.0025,-0.1718,0.7087,0.484
NACA 2421,0.2,0.4,0.4,-0.2,-0.2,-0.4,2,4,21,0.0889,0.0068,0.0027,-0.0159,0.7061,0.8513
NACA 3520,0.2,0.4,0.4,-0.2,-0.2,-0.2,3,5,20,0.2957,0.0066,0.0021,-0.0782,0.7071,0.6962
NACA 4619,0.2,0.4,0.4,-0.2,-0.2,0.0,4,6,19,0.5205,0.0071,0.0021,-0.1415,0.7084,0.518
NACA 5618,0.2,0.4,0.4,-0.2,-0.2,0.2,5,6,18,0.7358,0.0073,0.0022,-0.2005,0.7098,0.4404
NACA 4418,0.2,0.4,0.4,-0.2,0.0,-0.4,4,4,18,0.363,0.0071,0.0023,-0.0771,0.7092,0.6494
NACA 4516,0.2,0.4,0.4,-0.2,0.0,-0.2,4,5,16,0.4642,0.0077,0.0021,-0.1127,0.7087,0.3365
NACA 6615,0.2,0.4,0.4,-0.2,0.0,0.2,6,6,15,0.8614,0.0074,0.0021,-0.2249,0.7109,0.3082
NACA 5414,0.2,0.4,0.4,-0.2,0.2,-0.4,5,4,14,0.5578,0.0086,0.0025,-0.1187,0.7114,0.1625
NACA 6513,0.2,0.4,0.4,-0.2,0.2,-0.2,6,5,13,0.5924,0.0081,0.0021,-0.139,0.7092,0.1642
NACA 8512,0.2,0.4,0.4,-0.2,0.2,0.2,8,5,12,0.9713,0.0076,0.0022,-0.2464,0.712,0.1895
NACA 01024,0.4,0.0,0.0,-0.4,-0.4,-0.4,0,10,24,-0.6132,0.0099,0.0036,0.1511,0.2103,0.5166
NACA 01023,0.4,0.0,0.0,-0.4,-0.4,-0.2,0,10,23,-0.4691,0.0099,0.0034,0.1047,0.2074,0.4333
NACA 01023,0.4,0.0,0.0,-0.4,-0.4,0.0,0,10,23,-0.2814,0.0099,0.0034,0.0513,0.201,0.3887
NACA 0923,0.4,0.0,0.0,-0.4,-0.4,0.2,0,9,23,-0.0898,0.0101,0.0037,-0.0006,0.1946,0.3595
NACA 01021,0.4,0.0,0.0,-0.4,-0.2,-0.4,0,10,21,-0.4551,0.0108,0.0036,0.1215,0.21,0.3165
NACA 01021,0.4,0.0,0.0,-0.4,-0.2,-0.2,0,10,21,-0.3212,0.0102,0.0032,0.0773,0.206,0.2967
NACA 01021,0.4,0.0,0.0,-0.4,-0.2,0.0,0,10,21,-0.1331,0.01,0.0032,0.0242,0.1989,0.2857
NACA 1921,0.4,0.0,0.0,-0.4,-0.2,0.2,1,9,21,0.0588,0.0101,0.0036,-0.0269,0.1933,0.2761
NACA 01019,0.4,0.0,0.0,-0.4,0.0,-0.4,0,10,19,-0.3271,0.0112,0.0036,0.0973,0.209,0.1909
NACA 01019,0.4,0.0,0.0,-0.4,0.0,-0.2,0,10,19,-0.1876,0.0105,0.0032,0.0525,0.2045,0.1946
NACA 0019,0.4,0.0,0.0,-0.4,0.0,0.0,0,0,19,-0.0,0.0102,0.0032,0.0,0.1982,0.1982
NACA 1318,0.4,0.0,0.0,-0.4,0.2,-0.4,1,3,18,-0.212,0.0113,0.0038,0.0751,0.2081,0.1416
NACA 1318,0.4,0.0,0.0,-0.4,0.2,-0.2,1,3,18,-0.0671,0.0108,0.0035,0.0299,0.2033,0.1449
NACA 2418,0.4,0.0,0.0,-0.4,0.2,0.0,2,4,18,0.1301,0.012,0.0056,-0.026,0.1962,0.1488
NACA 3518,0.4,0.0,0.0,-0.4,0.2,0.2,3,5,18,0.3051,0.0108,0.004,-0.071,0.1909,0.152
NACA 1019,0.4,0.0,0.0,-0.2,-0.4,-0.4,1,0,19,-0.5536,0.0083,0.0027,0.1798,0.2201,0.7064
NACA 2019,0.4,0.0,0.0,-0.2,-0.4,-0.2,2,0,19,-0.3688,0.0085,0.0025,0.1237,0.2138,0.6076
NACA 2118,0.4,0.0,0.0,-0.2,-0.4,0.0,2,1,18,-0.1628,0.0087,0.0025,0.0653,0.2064,0.5276
NACA 2118,0.4,0.0,0.0,-0.2,-0.4,0.2,2,1,18,0.0435,0.009,0.0028,0.0092,0.1994,0.4713
NACA 2117,0.4,0.0,0.0,-0.2,-0.2,-0.4,2,1,17,-0.4403,0.0073,0.0024,0.1586,0.2201,0.8467
NACA 2116,0.4,0.0,0.0,-0.2,-0.2,-0.2,2,1,16,-0.2314,0.0078,0.0022,0.0973,0.2127,0.6434
NACA 2116,0.4,0.0,0.0,-0.2,-0.2,0.0,2,1,16,-0.0213,0.0085,0.0023,0.0386,0.2051,0.4757
NACA 2116,0.4,0.0,0.0,-0.2,-0.2,0.2,2,1,16,0.1835,0.0089,0.0026,-0.0167,0.1978,0.4089
NACA 2115,0.4,0.0,0.0,-0.2,0.0,-0.4,2,1,15,-0.2142,0.0104,0.003,0.113,0.2133,0.2128
NACA 2114,0.4,0.0,0.0,-0.2,0.0,0.0,2,1,14,0.1053,0.0092,0.0023,0.0153,0.2037,0.2419
NACA 3213,0.4,0.0,0.0,-0.2,0.2,-0.4,3,2,13,-0.0933,0.0106,0.0031,0.0888,0.2133,0.1165
NACA 3213,0.4,0.0,0.0,-0.2,0.2,-0.2,3,2,13,0.0312,0.0099,0.0026,0.0472,0.2084,0.124
NACA 4313,0.4,0.0,0.0,-0.2,0.2,0.0,4,3,13,0.218,0.0096,0.0025,-0.0059,0.2025,0.1362
NACA 4313,0.4,0.0,0.0,-0.2,0.2,0.2,4,3,13,0.4109,0.0098,0.0029,-0.0582,0.1957,0.1487
NACA 01024,0.4,0.0,0.2,-0.4,-0.4,-0.4,0,10,24,-0.4053,0.0101,0.0035,0.0948,0.2079,0.525
NACA 01024,0.4,0.0,0.2,-0.4,-0.4,-0.2,0,10,24,-0.2844,0.0102,0.0034,0.0535,0.204,0.4397
NACA 0923,0.4,0.0,0.2,-0.4,-0.4,0.0,0,9,23,-0.0979,0.0102,0.0035,0.0004,0.1979,0.394
NACA 1923,0.4,0.0,0.2,-0.4,-0.4,0.2,1,9,23,0.0962,0.0105,0.0038,-0.0519,0.1905,0.3639
NACA 01021,0.4,0.0,0.2,-0.4,-0.2,-0.4,0,10,21,-0.2472,0.0108,0.0035,0.0647,0.2054,0.3347
NACA 01021,0.4,0.0,0.2,-0.4,-0.2,-0.2,0,10,21,-0.1348,0.0105,0.0032,0.0254,0.2024,0.3059
NACA 1921,0.4,0.0,0.2,-0.4,-0.2,0.0,1,9,21,0.0525,0.0103,0.0032,-0.0275,0.1962,0.2934
NACA 2821,0.4,0.0,0.2,-0.4,-0.2,0.2,2,8,21,0.2489,0.0105,0.0036,-0.0798,0.1892,0.2832
NACA 01020,0.4,0.0,0.2,-0.4,0.0,-0.4,0,10,20,-0.1236,0.0113,0.0035,0.0411,0.2042,0.1992
NACA 0019,0.4,0.0,0.2,-0.4,0.0,-0.2,0,0,19,0.0,0.0107,0.0032,-0.0,0.2014,0.2013
NACA 1719,0.4,0.0,0.2,-0.4,0.0,0.0,1,7,19,0.1876,0.0105,0.0032,-0.0525,0.1947,0.2045
NACA 2719,0.4,0.0,0.2,-0.4,0.0,0.2,2,7,19,0.3816,0.0107,0.0036,-0.1039,0.1864,0.2069
NACA 1318,0.4,0.0,0.2,-0.4,0.2,-0.4,1,3,18,-0.0114,0.0114,0.0036,0.0193,0.2032,0.1464
NACA 2418,0.4,0.0,0.2,-0.4,0.2,-0.2,2,4,18,0.1216,0.0109,0.0034,-0.0231,0.1999,0.1493
NACA 3518,0.4,0.0,0.2,-0.4,0.2,0.0,3,5,18,0.3078,0.0109,0.0036,-0.0747,0.1922,0.1527
NACA 4618,0.4,0.0,0.2,-0.4,0.2,0.2,4,6,18,0.4967,0.011,0.004,-0.1245,0.1864,0.1564
NACA 2020,0.4,0.0,0.2,-0.2,-0.4,-0.4,2,0,20,-0.3674,0.0087,0.0028,0.1267,0.2177,0.7054
NACA 2119,0.4,0.0,0.2,-0.2,-0.4,-0.2,2,1,19,-0.1894,0.0089,0.0026,0.0722,0.2103,0.6096
NACA 2119,0.4,0.0,0.2,-0.2,-0.4,0.0,2,1,19,0.0184,0.0091,0.0026,0.0134,0.2032,0.5309
NACA 2118,0.4,0.0,0.2,-0.2,-0.4,0.2,2,1,18,0.2284,0.0095,0.0029,-0.0435,0.195,0.4747
NACA 2117,0.4,0.0,0.2,-0.2,-0.2,-0.4,2,1,17,-0.2617,0.0077,0.0025,0.1071,0.2184,0.8463
NACA 2117,0.4,0.0,0.2,-0.2,-0.2,-0.2,2,1,17,-0.0532,0.0082,0.0022,0.0457,0.2093,0.6628
NACA 2116,0.4,0.0,0.2,-0.2,-0.2,0.0,2,1,16,0.1618,0.0089,0.0024,-0.0141,0.2018,0.4889
NACA 2116,0.4,0.0,0.2,-0.2,-0.2,0.2,2,1,16,0.3712,0.0093,0.0027,-0.0704,0.1927,0.4191
NACA 2115,0.4,0.0,0.2,-0.2,0.0,-0.4,2,1,15,0.0045,0.0102,0.0028,0.0517,0.2105,0.253
NACA 2115,0.4,0.0,0.2,-0.2,0.0,-0.2,2,1,15,0.1004,0.0097,0.0024,0.0161,0.2077,0.2515
NACA 2214,0.4,0.0,0.2,-0.2,0.0,0.0,2,2,14,0.2915,0.0095,0.0024,-0.0385,0.1992,0.2627
NACA 3614,0.4,0.0,0.2,-0.2,0.0,0.2,3,6,14,0.494,0.0096,0.0026,-0.0931,0.1929,0.2675
NACA 3213,0.4,0.0,0.2,-0.2,0.2,-0.4,3,2,13,0.1276,0.0106,0.0029,0.0267,0.2071,0.1286
NACA 4313,0.4,0.0,0.2,-0.2,0.2,-0.2,4,3,13,0.221,0.0101,0.0026,-0.0076,0.2061,0.1348
NACA 4313,0.4,0.0,0.2,-0.2,0.2,0.0,4,3,13,0.4066,0.0099,0.0025,-0.0605,0.1989,0.1471
NACA 4513,0.4,0.0,0.2,-0.2,0.2,0.2,4,5,13,0.6042,0.0106,0.0038,-0.1146,0.1917,0.1589
NACA 01024,0.4,0.0,0.4,-0.4,-0.4,-0.4,0,10,24,-0.3023,0.0108,0.004,0.0587,0.2081,0.5277
NACA 0924,0.4,0.0,0.4,-0.4,-0.4,-0.2,0,9,24,-0.1801,0.0107,0.0037,0.0171,0.2024,0.4421
NACA 1924,0.4,0.0,0.4,-0.4,-0.4,0.0,1,9,24,0.026,0.0109,0.0038,-0.0403,0.1961,0.3953
NACA 2823,0.4,0.0,0.4,-0.4,-0.4,0.2,2,8,23,0.2363,0.0112,0.0042,-0.0962,0.1884,0.3668
NACA 01022,0.4,0.0,0.4,-0.4,-0.2,-0.4,0,10,22,-0.1285,0.0115,0.004,0.0248,0.2041,0.3436
NACA 1921,0.4,0.0,0.4,-0.4,-0.2,-0.2,1,9,21,-0.0204,0.011,0.0035,-0.0135,0.2006,0.3131
NACA 2821,0.4,0.0,0.4,-0.4,-0.2,0.0,2,8,21,0.1854,0.0109,0.0036,-0.0706,0.194,0.2994
NACA 3821,0.4,0.0,0.4,-0.4,-0.2,0.2,3,8,21,0.3972,0.0113,0.0041,-0.1264,0.1846,0.2891
NACA 0020,0.4,0.0,0.4,-0.4,0.0,-0.4,0,0,20,-0.0,0.0119,0.0039,0.0,0.2034,0.2034
NACA 1720,0.4,0.0,0.4,-0.4,0.0,-0.2,1,7,20,0.1239,0.0113,0.0035,-0.0412,0.1992,0.2042
NACA 2719,0.4,0.0,0.4,-0.4,0.0,0.0,2,7,19,0.3276,0.0112,0.0036,-0.0974,0.1909,0.209
NACA 4719,0.4,0.0,0.4,-0.4,0.0,0.2,4,7,19,0.5359,0.0115,0.0041,-0.1519,0.1842,0.2102
NACA 2418,0.4,0.0,0.4,-0.4,0.2,-0.4,2,4,18,0.1155,0.012,0.004,-0.0227,0.2021,0.1484
NACA 3518,0.4,0.0,0.4,-0.4,0.2,-0.2,3,5,18,0.2525,0.0115,0.0037,-0.066,0.1975,0.1514
NACA 4618,0.4,0.0,0.4,-0.4,0.2,0.0,4,6,18,0.4541,0.0115,0.0039,-0.1212,0.1902,0.1564
NACA 5618,0.4,0.0,0.4,-0.4,0.2,0.2,5,6,18,0.6564,0.0119,0.0045,-0.1741,0.1813,0.1607
NACA 2121,0.4,0.0,0.4,-0.2,-0.4,-0.4,2,1,21,-0.2975,0.0092,0.0031,0.0977,0.221,0.7067
NACA 2120,0.4,0.0,0.4,-0.2,-0.4,-0.2,2,1,20,-0.0862,0.0094,0.0029,0.0354,0.2119,0.6116
NACA 2119,0.4,0.0,0.4,-0.2,-0.4,0.0,2,1,19,0.1449,0.0098,0.003,-0.0289,0.2017,0.5323
NACA 2819,0.4,0.0,0.4,-0.2,-0.4,0.2,2,8,19,0.3721,0.0102,0.0034,-0.0899,0.1929,0.478
NACA 2117,0.4,0.0,0.4,-0.2,-0.2,-0.4,2,1,17,-0.1839,0.0083,0.0029,0.0762,0.2203,0.8491
NACA 2117,0.4,0.0,0.4,-0.2,-0.2,-0.2,2,1,17,0.0587,0.0088,0.0026,0.0067,0.2102,0.6724
NACA 2117,0.4,0.0,0.4,-0.2,-0.2,0.0,2,1,17,0.2962,0.0096,0.0028,-0.0585,0.199,0.4975
NACA 3816,0.4,0.0,0.4,-0.2,-0.2,0.2,3,8,16,0.5215,0.0102,0.0032,-0.1186,0.191,0.4249
NACA 2115,0.4,0.0,0.4,-0.2,0.0,-0.4,2,1,15,0.1457,0.0109,0.0033,0.0055,0.2084,0.2818
NACA 2215,0.4,0.0,0.4,-0.2,0.0,-0.2,2,2,15,0.2256,0.0103,0.0028,-0.0263,0.205,0.2691
NACA 3615,0.4,0.0,0.4,-0.2,0.0,0.0,3,6,15,0.4333,0.0102,0.0028,-0.0848,0.1981,0.2781
NACA 4714,0.4,0.0,0.4,-0.2,0.0,0.2,4,7,14,0.6496,0.0105,0.0032,-0.1428,0.1888,0.2804
NACA 4313,0.4,0.0,0.4,-0.2,0.2,-0.4,4,3,13,0.2813,0.0113,0.0034,-0.0226,0.2063,0.1368
NACA 4313,0.4,0.0,0.4,-0.2,0.2,-0.2,4,3,13,0.3551,0.0107,0.0029,-0.0523,0.2042,0.1415
NACA 4513,0.4,0.0,0.4,-0.2,0.2,0.0,4,5,13,0.5537,0.0106,0.003,-0.1084,0.1947,0.1551
NACA 5613,0.4,0.0,0.4,-0.2,0.2,0.2,5,6,13,0.7616,0.011,0.0035,-0.1641,0.1863,0.168
NACA 01026,0.4,0.2,0.0,-0.4,-0.4,-0.4,0,10,26,-0.4668,0.0097,0.0036,0.1235,0.3019,0.519
NACA 01026,0.4,0.2,0.0,-0.4,-0.4,-0.2,0,10,26,-0.3328,0.0098,0.0034,0.0795,0.298,0.4344
NACA 01025,0.4,0.2,0.0,-0.4,-0.4,0.0,0,10,25,-0.1483,0.0098,0.0034,0.0271,0.2898,0.3897
NACA 1925,0.4,0.2,0.0,-0.4,-0.4,0.2,1,9,25,0.0431,0.0099,0.0037,-0.0244,0.2817,0.3607
NACA 01024,0.4,0.2,0.0,-0.4,-0.2,-0.4,0,10,24,-0.3102,0.0105,0.0036,0.0942,0.3007,0.3224
NACA 01023,0.4,0.2,0.0,-0.4,-0.2,-0.2,0,10,23,-0.1856,0.0101,0.0032,0.0523,0.2959,0.2987
NACA 0023,0.4,0.2,0.0,-0.4,-0.2,0.0,0,0,23,0.0,0.0099,0.0032,-0.0,0.2864,0.2864
NACA 1723,0.4,0.2,0.0,-0.4,-0.2,0.2,1,7,23,0.1878,0.0097,0.0036,-0.0494,0.28,0.278
NACA 1321,0.4,0.2,0.0,-0.4,0.0,-0.4,1,3,21,-0.1847,0.0109,0.0036,0.0704,0.2994,0.194
NACA 1321,0.4,0.2,0.0,-0.4,0.0,-0.2,1,3,21,-0.0524,0.0103,0.0032,0.0275,0.2934,0.1962
NACA 2421,0.4,0.2,0.0,-0.4,0.0,0.0,2,4,21,0.1331,0.01,0.0032,-0.0242,0.2856,0.1989
NACA 3521,0.4,0.2,0.0,-0.4,0.0,0.2,3,5,21,0.3234,0.0101,0.0035,-0.0746,0.2777,0.2022
NACA 3319,0.4,0.2,0.0,-0.4,0.2,-0.4,3,3,19,-0.0715,0.0111,0.0038,0.0487,0.2979,0.1427
NACA 3419,0.4,0.2,0.0,-0.4,0.2,-0.2,3,4,19,0.0677,0.0105,0.0035,0.005,0.2922,0.1457
NACA 4419,0.4,0.2,0.0,-0.4,0.2,0.0,4,4,19,0.2516,0.0102,0.0035,-0.0458,0.2841,0.1498
NACA 4519,0.4,0.2,0.0,-0.4,0.2,0.2,4,5,19,0.4386,0.0105,0.0039,-0.0952,0.2762,0.1535
NACA 2122,0.4,0.2,0.0,-0.2,-0.4,-0.4,2,1,22,-0.4153,0.0083,0.0028,0.1531,0.3126,0.7053
NACA 2122,0.4,0.2,0.0,-0.2,-0.4,-0.2,2,1,22,-0.2355,0.0084,0.0026,0.0985,0.3036,0.6081
NACA 2121,0.4,0.2,0.0,-0.2,-0.4,0.0,2,1,21,-0.0312,0.0086,0.0026,0.0408,0.2958,0.528
NACA 2121,0.4,0.2,0.0,-0.2,-0.4,0.2,2,1,21,0.1747,0.0088,0.0028,-0.0149,0.2863,0.4724
NACA 2119,0.4,0.2,0.0,-0.2,-0.2,-0.4,2,1,19,-0.3053,0.0072,0.0025,0.1326,0.3128,0.8445
NACA 2119,0.4,0.2,0.0,-0.2,-0.2,-0.2,2,1,19,-0.0992,0.0077,0.0022,0.0723,0.3033,0.6474
NACA 2118,0.4,0.2,0.0,-0.2,-0.2,0.0,2,1,18,0.1103,0.0083,0.0023,0.0142,0.2937,0.4787
NACA 2218,0.4,0.2,0.0,-0.2,-0.2,0.2,2,2,18,0.3145,0.0087,0.0026,-0.0406,0.2839,0.4113
NACA 3217,0.4,0.2,0.0,-0.2,0.0,-0.4,3,2,17,-0.069,0.01,0.0029,0.0849,0.3056,0.2209
NACA 3216,0.4,0.2,0.0,-0.2,0.0,-0.2,3,2,16,0.0474,0.0094,0.0024,0.0447,0.3008,0.2306
NACA 4316,0.4,0.2,0.0,-0.2,0.0,0.0,4,3,16,0.2372,0.009,0.0023,-0.0092,0.2921,0.2454
NACA 4316,0.4,0.2,0.0,-0.2,0.0,0.2,4,3,16,0.4345,0.009,0.0026,-0.0622,0.2836,0.2536
NACA 4315,0.4,0.2,0.0,-0.2,0.2,-0.4,4,3,15,0.0512,0.0104,0.0031,0.0608,0.3023,0.1182
NACA 5314,0.4,0.2,0.0,-0.2,0.2,-0.2,5,3,14,0.1654,0.0097,0.0026,0.0218,0.2991,0.1255
NACA 5314,0.4,0.2,0.0,-0.2,0.2,0.0,5,3,14,0.35,0.0094,0.0025,-0.0304,0.2906,0.1369
NACA 6414,0.4,0.2,0.0,-0.2,0.2,0.2,6,4,14,0.5412,0.0095,0.0028,-0.0819,0.2817,0.1499
NACA 01027,0.4,0.2,0.2,-0.4,-0.4,-0.4,0,10,27,-0.2525,0.0098,0.0036,0.0653,0.317,0.5275
NACA 01026,0.4,0.2,0.2,-0.4,-0.4,-0.2,0,10,26,-0.1493,0.0099,0.0035,0.028,0.3126,0.4415
NACA 1926,0.4,0.2,0.2,-0.4,-0.4,0.0,1,9,26,0.0348,0.01,0.0035,-0.0242,0.3024,0.3953
NACA 2825,0.4,0.2,0.2,-0.4,-0.4,0.2,2,8,25,0.228,0.0103,0.0038,-0.0759,0.2909,0.3638
NACA 01024,0.4,0.2,0.2,-0.4,-0.2,-0.4,0,10,24,-0.0966,0.0105,0.0035,0.0357,0.3142,0.3403
NACA 0024,0.4,0.2,0.2,-0.4,-0.2,-0.2,0,0,24,0.0,0.0102,0.0032,-0.0,0.3092,0.3092
NACA 1723,0.4,0.2,0.2,-0.4,-0.2,0.0,1,7,23,0.1856,0.01,0.0032,-0.0523,0.2987,0.2959
NACA 2723,0.4,0.2,0.2,-0.4,-0.2,0.2,2,7,23,0.3822,0.0102,0.0035,-0.1043,0.2892,0.2856
NACA 1321,0.4,0.2,0.2,-0.4,0.0,-0.4,1,3,21,0.0209,0.011,0.0035,0.0134,0.3131,0.2006
NACA 2421,0.4,0.2,0.2,-0.4,0.0,-0.2,2,4,21,0.1348,0.0105,0.0032,-0.0254,0.3059,0.2024
NACA 3521,0.4,0.2,0.2,-0.4,0.0,0.0,3,5,21,0.3213,0.0102,0.0032,-0.0773,0.2967,0.206
NACA 4621,0.4,0.2,0.2,-0.4,0.0,0.2,4,6,21,0.515,0.0104,0.0036,-0.1283,0.2857,0.207
NACA 3420,0.4,0.2,0.2,-0.4,0.2,-0.4,3,4,20,0.13,0.0111,0.0037,-0.0077,0.3117,0.1466
NACA 4419,0.4,0.2,0.2,-0.4,0.2,-0.2,4,4,19,0.2568,0.0107,0.0034,-0.0486,0.3049,0.1493
NACA 4519,0.4,0.2,0.2,-0.4,0.2,0.0,4,5,19,0.442,0.0105,0.0035,-0.0997,0.2942,0.1542
NACA 5519,0.4,0.2,0.2,-0.4,0.2,0.2,5,5,19,0.6314,0.0106,0.0039,-0.1491,0.2839,0.1581
NACA 2123,0.4,0.2,0.2,-0.2,-0.4,-0.4,2,1,23,-0.2295,0.0085,0.0029,0.0997,0.3321,0.7044
NACA 2122,0.4,0.2,0.2,-0.2,-0.4,-0.2,2,1,22,-0.0562,0.0086,0.0027,0.0466,0.3228,0.6097
NACA 2122,0.4,0.2,0.2,-0.2,-0.4,0.0,2,1,22,0.1503,0.0089,0.0027,-0.0116,0.3101,0.5316
NACA 2121,0.4,0.2,0.2,-0.2,-0.4,0.2,2,1,21,0.3603,0.0092,0.0029,-0.0682,0.2978,0.4751
NACA 2120,0.4,0.2,0.2,-0.2,-0.2,-0.4,2,1,20,-0.1257,0.0077,0.0027,0.0805,0.332,0.8442
NACA 2119,0.4,0.2,0.2,-0.2,-0.2,-0.2,2,1,19,0.079,0.008,0.0023,0.0203,0.3206,0.6648
NACA 2219,0.4,0.2,0.2,-0.2,-0.2,0.0,2,2,19,0.2941,0.0087,0.0024,-0.0391,0.3075,0.4913
NACA 3618,0.4,0.2,0.2,-0.2,-0.2,0.2,3,6,18,0.5039,0.009,0.0027,-0.0952,0.2957,0.421
NACA 4317,0.4,0.2,0.2,-0.2,0.0,-0.2,4,3,17,0.2351,0.0095,0.0025,-0.0098,0.3159,0.2564
NACA 4316,0.4,0.2,0.2,-0.2,0.0,0.0,4,3,16,0.4247,0.0092,0.0024,-0.0637,0.3053,0.2662
NACA 4516,0.4,0.2,0.2,-0.2,0.0,0.2,4,5,16,0.6271,0.0094,0.0026,-0.118,0.293,0.2702
NACA 5315,0.4,0.2,0.2,-0.2,0.2,-0.4,5,3,15,0.277,0.0103,0.0029,-0.0027,0.317,0.1307
NACA 5315,0.4,0.2,0.2,-0.2,0.2,-0.2,5,3,15,0.3562,0.0098,0.0026,-0.0337,0.3134,0.136
NACA 6414,0.4,0.2,0.2,-0.2,0.2,0.2,6,4,14,0.7351,0.0097,0.0028,-0.1381,0.2905,0.1609
NACA 01027,0.4,0.2,0.4,-0.4,-0.4,-0.4,0,10,27,-0.1947,0.0104,0.0041,0.0383,0.3557,0.5288
NACA 1927,0.4,0.2,0.4,-0.4,-0.4,-0.2,1,9,27,-0.0709,0.0102,0.0037,-0.0035,0.3464,0.4431
NACA 2826,0.4,0.2,0.4,-0.4,-0.4,0.0,2,8,26,0.1481,0.0104,0.0038,-0.0634,0.328,0.3968
NACA 3826,0.4,0.2,0.4,-0.4,-0.4,0.2,3,8,26,0.3629,0.0108,0.0042,-0.1199,0.3108,0.3674
NACA 0024,0.4,0.2,0.4,-0.4,-0.2,-0.4,0,0,24,0.0,0.0111,0.004,-0.0,0.3469,0.3468
NACA 1724,0.4,0.2,0.4,-0.4,-0.2,-0.2,1,7,24,0.0975,0.0105,0.0035,-0.0358,0.3402,0.3143
NACA 2724,0.4,0.2,0.4,-0.4,-0.2,0.0,2,7,24,0.3111,0.0105,0.0036,-0.0943,0.3223,0.3007
NACA 4723,0.4,0.2,0.4,-0.4,-0.2,0.2,4,7,23,0.5267,0.0108,0.004,-0.1507,0.3046,0.2902
NACA 2422,0.4,0.2,0.4,-0.4,0.0,-0.4,2,4,22,0.1284,0.0115,0.004,-0.0248,0.3436,0.2041
NACA 3521,0.4,0.2,0.4,-0.4,0.0,-0.2,3,5,21,0.2476,0.0108,0.0035,-0.0648,0.3346,0.2055
NACA 4621,0.4,0.2,0.4,-0.4,0.0,0.0,4,6,21,0.4556,0.0108,0.0036,-0.1216,0.3165,0.21
NACA 5621,0.4,0.2,0.4,-0.4,0.0,0.2,5,6,21,0.6673,0.0111,0.0041,-0.1766,0.3006,0.2118
NACA 4420,0.4,0.2,0.4,-0.4,0.2,-0.4,4,4,20,0.2438,0.0116,0.004,-0.0475,0.3399,0.1492
NACA 4520,0.4,0.2,0.4,-0.4,0.2,-0.2,4,5,20,0.3789,0.0111,0.0037,-0.0902,0.3301,0.1522
NACA 5519,0.4,0.2,0.4,-0.4,0.2,0.0,5,5,19,0.5841,0.0111,0.0039,-0.1459,0.3131,0.1569
NACA 6619,0.4,0.2,0.4,-0.4,0.2,0.2,6,6,19,0.7892,0.0114,0.0044,-0.199,0.2968,0.1613
NACA 2124,0.4,0.2,0.4,-0.2,-0.4,-0.4,2,1,24,-0.1845,0.0089,0.0032,0.0757,0.3819,0.7064
NACA 2123,0.4,0.2,0.4,-0.2,-0.4,-0.2,2,1,23,0.0269,0.009,0.003,0.0137,0.361,0.6117
NACA 2122,0.4,0.2,0.4,-0.2,-0.4,0.0,2,1,22,0.2696,0.0094,0.0031,-0.0528,0.3377,0.5322
NACA 3822,0.4,0.2,0.4,-0.2,-0.4,0.2,3,8,22,0.5009,0.0099,0.0034,-0.1144,0.3189,0.4786
NACA 2121,0.4,0.2,0.4,-0.2,-0.2,-0.4,2,1,21,-0.0689,0.008,0.0031,0.0538,0.3818,0.8483
NACA 2220,0.4,0.2,0.4,-0.2,-0.2,-0.2,2,2,20,0.178,0.0084,0.0027,-0.0164,0.3553,0.6732
NACA 3619,0.4,0.2,0.4,-0.2,-0.2,0.0,3,6,19,0.4235,0.0092,0.0029,-0.083,0.3323,0.4994
NACA 4719,0.4,0.2,0.4,-0.2,-0.2,0.2,4,7,19,0.6521,0.0098,0.0032,-0.1435,0.3136,0.4272
NACA 4317,0.4,0.2,0.4,-0.2,0.0,-0.4,4,3,17,0.2874,0.0106,0.0034,-0.0228,0.3502,0.2908
NACA 4317,0.4,0.2,0.4,-0.2,0.0,-0.2,4,3,17,0.3528,0.0099,0.0028,-0.051,0.3474,0.2724
NACA 4517,0.4,0.2,0.4,-0.2,0.0,0.0,4,5,17,0.5629,0.0098,0.0029,-0.1098,0.3281,0.281
NACA 5616,0.4,0.2,0.4,-0.2,0.0,0.2,5,6,16,0.7815,0.0101,0.0032,-0.168,0.3096,0.2814
NACA 5315,0.4,0.2,0.4,-0.2,0.2,-0.4,5,3,15,0.4253,0.0109,0.0035,-0.0513,0.3448,0.1386
NACA 6415,0.4,0.2,0.4,-0.2,0.2,-0.2,6,4,15,0.4849,0.0103,0.003,-0.0776,0.3423,0.1423
NACA 6415,0.4,0.2,0.4,-0.2,0.2,0.0,6,4,15,0.6854,0.0102,0.003,-0.1338,0.3243,0.1561
NACA 7514,0.4,0.2,0.4,-0.2,0.2,0.2,7,5,14,0.8949,0.0105,0.0034,-0.1896,0.306,0.1687
NACA 01029,0.4,0.4,0.0,-0.4,-0.4,-0.4,0,10,29,-0.3016,0.0096,0.0038,0.0922,0.3996,0.5217
NACA 01029,0.4,0.4,0.0,-0.4,-0.4,-0.2,0,10,29,-0.1819,0.0098,0.0037,0.0514,0.396,0.4373
NACA 0028,0.4,0.4,0.0,-0.4,-0.4,0.0,0,0,28,0.0,0.0097,0.0037,-0.0,0.3917,0.3917
NACA 1728,0.4,0.4,0.0,-0.4,-0.4,0.2,1,7,28,0.1894,0.0098,0.0039,-0.0507,0.385,0.3618
NACA 1326,0.4,0.4,0.0,-0.4,-0.2,-0.4,1,3,26,-0.1469,0.0104,0.0038,0.0631,0.3967,0.3282
NACA 1326,0.4,0.4,0.0,-0.4,-0.2,-0.2,1,3,26,-0.0347,0.01,0.0035,0.0242,0.3953,0.3024
NACA 2425,0.4,0.4,0.0,-0.4,-0.2,0.0,2,4,25,0.1483,0.0098,0.0034,-0.0271,0.3897,0.2898
NACA 3525,0.4,0.4,0.0,-0.4,-0.2,0.2,3,5,25,0.3387,0.0098,0.0037,-0.0773,0.3845,0.2789
NACA 3324,0.4,0.4,0.0,-0.4,0.0,-0.4,3,3,24,-0.0251,0.0109,0.0038,0.0401,0.3953,0.1961
NACA 3423,0.4,0.4,0.0,-0.4,0.0,-0.2,3,4,23,0.098,0.0102,0.0035,-0.0004,0.394,0.1979
NACA 4423,0.4,0.4,0.0,-0.4,0.0,0.0,4,4,23,0.2814,0.0099,0.0034,-0.0513,0.3887,0.201
NACA 4523,0.4,0.4,0.0,-0.4,0.0,0.2,4,5,23,0.4704,0.0099,0.0037,-0.101,0.3825,0.2036
NACA 4421,0.4,0.4,0.0,-0.4,0.2,-0.4,4,4,21,0.0855,0.011,0.004,0.019,0.396,0.144
NACA 5421,0.4,0.4,0.0,-0.4,0.2,-0.2,5,4,21,0.2177,0.0104,0.0037,-0.0228,0.3924,0.1467
NACA 5421,0.4,0.4,0.0,-0.4,0.2,0.0,5,4,21,0.4001,0.0102,0.0037,-0.0729,0.3854,0.1508
NACA 6521,0.4,0.4,0.0,-0.4,0.2,0.2,6,5,21,0.5833,0.0102,0.004,-0.1207,0.3816,0.1544
NACA 2126,0.4,0.4,0.0,-0.2,-0.4,-0.4,2,1,26,-0.2622,0.0084,0.0032,0.1234,0.4046,0.7036
NACA 2125,0.4,0.4,0.0,-0.2,-0.4,-0.2,2,1,25,-0.087,0.0085,0.0029,0.0703,0.4009,0.6078
NACA 2124,0.4,0.4,0.0,-0.2,-0.4,0.0,2,1,24,0.1153,0.0086,0.0029,0.0135,0.3951,0.5288
NACA 2224,0.4,0.4,0.0,-0.2,-0.4,0.2,2,2,24,0.3195,0.0088,0.0031,-0.0413,0.3894,0.4721
NACA 3222,0.4,0.4,0.0,-0.2,-0.2,-0.4,3,2,22,-0.1547,0.0074,0.0029,0.1035,0.4057,0.842
NACA 3222,0.4,0.4,0.0,-0.2,-0.2,-0.2,3,2,22,0.048,0.0078,0.0026,0.0443,0.3999,0.6512
NACA 4321,0.4,0.4,0.0,-0.2,-0.2,0.0,4,3,21,0.2568,0.0083,0.0026,-0.0132,0.3939,0.4816
NACA 4321,0.4,0.4,0.0,-0.2,-0.2,0.2,4,3,21,0.4604,0.0086,0.0028,-0.0674,0.3873,0.4127
NACA 4319,0.4,0.4,0.0,-0.2,0.0,-0.4,4,3,19,0.0986,0.01,0.0032,0.0521,0.3995,0.2303
NACA 5319,0.4,0.4,0.0,-0.2,0.0,-0.2,5,3,19,0.197,0.0093,0.0027,0.0163,0.3979,0.2356
NACA 5318,0.4,0.4,0.0,-0.2,0.0,0.0,5,3,18,0.3843,0.009,0.0026,-0.0368,0.391,0.2496
NACA 6418,0.4,0.4,0.0,-0.2,0.0,0.2,6,4,18,0.5809,0.0089,0.0028,-0.0891,0.3864,0.2565
NACA 6317,0.4,0.4,0.0,-0.2,0.2,-0.4,6,3,17,0.2168,0.0102,0.0033,0.0286,0.399,0.1208
NACA 6316,0.4,0.4,0.0,-0.2,0.2,-0.2,6,3,16,0.3151,0.0097,0.0029,-0.0067,0.396,0.1267
NACA 7416,0.4,0.4,0.0,-0.2,0.2,0.0,7,4,16,0.4972,0.0093,0.0028,-0.0579,0.3911,0.1387
NACA 7416,0.4,0.4,0.0,-0.2,0.2,0.2,7,4,16,0.6869,0.0093,0.003,-0.1085,0.3853,0.1514
NACA 01030,0.4,0.4,0.2,-0.4,-0.4,-0.4,0,10,30,-0.0831,0.0096,0.0038,0.0329,0.4457,0.5295
NACA 0029,0.4,0.4,0.2,-0.4,-0.4,-0.2,0,0,29,-0.0,0.0098,0.0037,0.0,0.443,0.443
NACA 1729,0.4,0.4,0.2,-0.4,-0.4,0.0,1,7,29,0.182,0.0098,0.0037,-0.0514,0.4374,0.396
NACA 2728,0.4,0.4,0.2,-0.4,-0.4,0.2,2,7,28,0.3743,0.01,0.004,-0.1026,0.43,0.3652
NACA 1327,0.4,0.4,0.2,-0.4,-0.2,-0.4,1,3,27,0.0721,0.0102,0.0037,0.0033,0.443,0.3465
NACA 2426,0.4,0.4,0.2,-0.4,-0.2,-0.2,2,4,26,0.1493,0.0099,0.0035,-0.028,0.4415,0.3126
NACA 3526,0.4,0.4,0.2,-0.4,-0.2,0.0,3,5,26,0.3328,0.0098,0.0034,-0.0795,0.4344,0.298
NACA 4625,0.4,0.4,0.2,-0.4,-0.2,0.2,4,6,25,0.5295,0.0098,0.0037,-0.1312,0.4281,0.2873
NACA 3424,0.4,0.4,0.2,-0.4,0.0,-0.4,3,4,24,0.1808,0.0107,0.0037,-0.0172,0.442,0.2024
NACA 4424,0.4,0.4,0.2,-0.4,0.0,-0.2,4,4,24,0.2844,0.0102,0.0034,-0.0535,0.4397,0.204
NACA 4523,0.4,0.4,0.2,-0.4,0.0,0.0,4,5,23,0.4692,0.0099,0.0034,-0.1047,0.4332,0.2074
NACA 5523,0.4,0.4,0.2,-0.4,0.0,0.2,5,5,23,0.6628,0.01,0.0037,-0.1552,0.4252,0.2081
NACA 5421,0.4,0.4,0.2,-0.4,0.2,-0.4,5,4,21,0.2868,0.0108,0.0038,-0.0377,0.4417,0.1485
NACA 5421,0.4,0.4,0.2,-0.4,0.2,-0.2,5,4,21,0.4059,0.0104,0.0036,-0.0765,0.438,0.1508
NACA 6521,0.4,0.4,0.2,-0.4,0.2,0.0,6,5,21,0.5898,0.0102,0.0037,-0.127,0.43,0.1549
NACA 7521,0.4,0.4,0.2,-0.4,0.2,0.2,7,5,21,0.7796,0.0102,0.004,-0.1762,0.4241,0.1588
NACA 2127,0.4,0.4,0.2,-0.2,-0.4,-0.4,2,1,27,-0.0787,0.0085,0.0032,0.0703,0.4541,0.7034
NACA 2126,0.4,0.4,0.2,-0.2,-0.4,-0.2,2,1,26,0.0888,0.0086,0.003,0.0188,0.4478,0.6102
NACA 2225,0.4,0.4,0.2,-0.2,-0.4,0.0,2,2,25,0.2954,0.0088,0.003,-0.039,0.4404,0.5311
NACA 3624,0.4,0.4,0.2,-0.2,-0.4,0.2,3,6,24,0.506,0.009,0.0031,-0.0953,0.4331,0.4768
NACA 3223,0.4,0.4,0.2,-0.2,-0.2,-0.4,3,2,23,0.0193,0.0076,0.003,0.0523,0.454,0.8422
NACA 4322,0.4,0.4,0.2,-0.2,-0.2,-0.2,4,3,22,0.2242,0.0079,0.0026,-0.0075,0.4475,0.6664
NACA 4322,0.4,0.4,0.2,-0.2,-0.2,0.0,4,3,22,0.4398,0.0084,0.0027,-0.0666,0.4396,0.4941
NACA 4521,0.4,0.4,0.2,-0.2,-0.2,0.2,4,5,21,0.6502,0.0088,0.0029,-0.1224,0.4322,0.4221
NACA 5320,0.4,0.4,0.2,-0.2,0.0,-0.4,5,3,20,0.3179,0.0097,0.0031,-0.01,0.4465,0.2747
NACA 5319,0.4,0.4,0.2,-0.2,0.0,-0.2,5,3,19,0.3831,0.0093,0.0027,-0.0382,0.4438,0.2613
NACA 6419,0.4,0.4,0.2,-0.2,0.0,0.0,6,4,19,0.5714,0.009,0.0026,-0.0914,0.438,0.269
NACA 6418,0.4,0.4,0.2,-0.2,0.0,0.2,6,4,18,0.7738,0.0091,0.0029,-0.1453,0.4291,0.2733
NACA 6317,0.4,0.4,0.2,-0.2,0.2,-0.4,6,3,17,0.4403,0.0101,0.0031,-0.0348,0.4433,0.1333
NACA 7417,0.4,0.4,0.2,-0.2,0.2,-0.2,7,4,17,0.5055,0.0096,0.0028,-0.0623,0.443,0.1375
NACA 7416,0.4,0.4,0.2,-0.2,0.2,0.0,7,4,16,0.687,0.0094,0.0028,-0.1136,0.4353,0.1493
NACA 8416,0.4,0.4,0.2,-0.2,0.2,0.2,8,4,16,0.8824,0.0094,0.003,-0.1655,0.4279,0.1625
NACA 0031,0.4,0.4,0.4,-0.4,-0.4,-0.4,0,0,31,-0.0,0.0099,0.0043,0.0,0.5329,0.533
NACA 1730,0.4,0.4,0.4,-0.4,-0.4,-0.2,1,7,30,0.084,0.0096,0.0038,-0.0331,0.5294,0.4457
NACA 2729,0.4,0.4,0.4,-0.4,-0.4,0.0,2,7,29,0.3031,0.0096,0.0038,-0.0925,0.5216,0.3997
NACA 4729,0.4,0.4,0.4,-0.4,-0.4,0.2,4,7,29,0.5197,0.0099,0.0042,-0.149,0.5131,0.3694
NACA 2427,0.4,0.4,0.4,-0.4,-0.2,-0.4,2,4,27,0.1948,0.0104,0.0041,-0.0383,0.5287,0.3558
NACA 3527,0.4,0.4,0.4,-0.4,-0.2,-0.2,3,5,27,0.2532,0.0098,0.0036,-0.0655,0.5274,0.3171
NACA 4626,0.4,0.4,0.4,-0.4,-0.2,0.0,4,6,26,0.4677,0.0097,0.0036,-0.1237,0.519,0.3019
NACA 5626,0.4,0.4,0.4,-0.4,-0.2,0.2,5,6,26,0.6829,0.0099,0.0039,-0.1796,0.5085,0.2918
NACA 4424,0.4,0.4,0.4,-0.4,0.0,-0.4,4,4,24,0.3022,0.0108,0.004,-0.0587,0.5277,0.2081
NACA 4524,0.4,0.4,0.4,-0.4,0.0,-0.2,4,5,24,0.4056,0.0101,0.0035,-0.0949,0.525,0.2079
NACA 5524,0.4,0.4,0.4,-0.4,0.0,0.0,5,5,24,0.6138,0.0099,0.0036,-0.1512,0.5165,0.2103
NACA 6623,0.4,0.4,0.4,-0.4,0.0,0.2,6,6,23,0.8248,0.01,0.004,-0.2058,0.5068,0.2145
NACA 5422,0.4,0.4,0.4,-0.4,0.2,-0.4,5,4,22,0.4155,0.0108,0.0041,-0.0809,0.5278,0.1511
NACA 6521,0.4,0.4,0.4,-0.4,0.2,-0.2,6,5,21,0.5372,0.0102,0.0037,-0.1203,0.5223,0.1536
NACA 7521,0.4,0.4,0.4,-0.4,0.2,0.0,7,5,21,0.7418,0.0101,0.0038,-0.1754,0.514,0.1586
NACA 8521,0.4,0.4,0.4,-0.4,0.2,0.2,8,5,21,0.9468,0.0102,0.0042,-0.2282,0.5041,0.1629
NACA 2128,0.4,0.4,0.4,-0.2,-0.4,-0.4,2,1,28,-0.0258,0.0086,0.0035,0.0441,0.5434,0.7052
NACA 2227,0.4,0.4,0.4,-0.2,-0.4,-0.2,2,2,27,0.1787,0.0085,0.0031,-0.0159,0.5355,0.6114
NACA 3626,0.4,0.4,0.4,-0.2,-0.4,0.0,3,6,26,0.4243,0.0087,0.0031,-0.0825,0.5275,0.5343
NACA 4725,0.4,0.4,0.4,-0.2,-0.4,0.2,4,7,25,0.6563,0.009,0.0034,-0.1437,0.5182,0.4775
NACA 4324,0.4,0.4,0.4,-0.2,-0.2,-0.4,4,3,24,0.0859,0.0077,0.0033,0.0231,0.5431,0.8462
NACA 4323,0.4,0.4,0.4,-0.2,-0.2,-0.2,4,3,23,0.3312,0.0078,0.0028,-0.0461,0.5347,0.6755
NACA 5622,0.4,0.4,0.4,-0.2,-0.2,0.2,5,6,22,0.8079,0.0089,0.0032,-0.1729,0.5147,0.43
NACA 5321,0.4,0.4,0.4,-0.2,0.0,-0.4,5,3,21,0.47,0.0098,0.0035,-0.0593,0.5328,0.3129
NACA 6420,0.4,0.4,0.4,-0.2,0.0,-0.2,6,4,20,0.5101,0.0092,0.0029,-0.0817,0.5304,0.2784
NACA 7519,0.4,0.4,0.4,-0.2,0.0,0.2,7,5,19,0.9385,0.0091,0.0032,-0.1976,0.5131,0.2866
NACA 7417,0.4,0.4,0.4,-0.2,0.2,-0.4,7,4,17,0.6063,0.0102,0.0035,-0.0875,0.5305,0.1422
NACA 7417,0.4,0.4,0.4,-0.2,0.2,-0.2,7,4,17,0.645,0.0096,0.003,-0.1088,0.5288,0.144
NACA 8417,0.4,0.4,0.4,-0.2,0.2,0.0,8,4,17,0.8424,0.0094,0.003,-0.1638,0.5204,0.1569
NACA 9516,0.4,0.4,0.4,-0.2,0.2,0.2,9,5,16,1.052,0.0094,0.0033,-0.2192,0.5109,0.1719
